Time,Temperature 1,Photoresistor Value,Humidity,Temperature 2,Plant1Moisure,Plant2Moisure
2020-06-29 01:13:32.164397,26.25,255,35,27,217,223
2020-06-29 01:13:37.173547,26.25,255,35,27,217,223
2020-06-29 01:13:42.178803,26.25,255,35,27,217,223
2020-06-29 01:13:47.184006,26.25,255,35,27,217,223
2020-06-29 01:13:52.189194,26.25,255,35,27,217,223
2020-06-29 01:13:57.194378,26.25,255,35,27,217,223
2020-06-29 01:14:02.199585,26.25,255,35,27,217,223
2020-06-29 01:14:07.204787,26.25,255,35,27,217,223
2020-06-29 01:14:12.209992,26.25,255,35,27,217,223
2020-06-29 01:14:17.215197,26.25,255,35,27,217,223
2020-06-29 01:14:22.220396,26.25,255,35,27,217,223
2020-06-29 01:17:32.644212,25.937,255,37,26,217,223
2020-06-29 01:17:37.649646,25.937,255,37,26,217,223
2020-06-29 01:17:42.654933,25.937,255,37,26,217,223
2020-06-29 01:17:47.660203,25.937,255,37,26,217,223
2020-06-29 01:17:52.665487,25.937,255,37,26,217,223
2020-06-29 01:17:57.670777,25.937,255,37,26,217,223
2020-06-29 01:18:02.676072,25.937,255,37,26,217,223
2020-06-29 01:18:07.681333,25.937,255,37,26,217,223
2020-06-29 01:18:12.686607,25.937,255,37,26,217,223
2020-06-29 01:18:17.691886,25.937,255,37,26,217,223
2020-06-29 01:18:22.697157,25.937,255,37,26,217,223
2020-06-29 01:18:27.702455,25.937,255,37,26,217,223
2020-06-29 01:18:32.707733,25.937,255,37,26,217,223
2020-06-29 01:18:37.713027,25.937,255,37,26,217,223
2020-06-29 01:18:42.718305,25.937,255,37,26,217,223
2020-06-29 01:18:47.723582,25.937,255,37,26,217,223
2020-06-29 01:18:52.728912,25.937,255,37,26,217,223
2020-06-29 01:18:57.734193,25.937,255,37,26,217,223
2020-06-29 01:19:02.739474,25.937,255,37,26,217,223
2020-06-29 01:27:50.404200,26.187,255,37,26,217,223
2020-06-29 01:27:55.412935,26.187,255,37,26,217,210
2020-06-29 01:28:00.421550,26.187,255,37,26,217,210
2020-06-29 01:28:05.430134,26.187,255,37,26,217,210
2020-06-29 01:28:10.438756,26.187,255,37,26,217,78
2020-06-29 01:28:15.447398,26.187,255,37,26,217,78
2020-06-29 01:28:20.456027,26.187,255,37,26,218,78
2020-06-29 01:28:25.464621,26.187,255,37,26,219,78
2020-06-29 01:28:30.473240,26.187,255,37,26,219,78
2020-06-29 01:28:35.481823,26.187,255,37,26,218,78
2020-06-29 01:28:40.490432,26.187,255,37,26,219,78
2020-06-29 01:28:45.499015,26.187,255,37,26,219,78
2020-06-29 01:28:50.507627,26.187,255,37,26,219,174
2020-06-29 01:28:55.516210,26.187,255,37,26,218,207
2020-06-29 01:29:00.524798,26.187,255,37,26,217,207
2020-06-29 01:29:05.533355,26.187,255,37,26,218,214
2020-06-29 01:30:26.324228,26.437,255,37,26,217,224
2020-06-29 01:30:31.332963,26.437,255,37,26,218,211
2020-06-29 01:30:36.341571,26.437,255,37,26,217,210
2020-06-29 01:30:41.350210,26.437,255,37,26,217,77
2020-06-29 01:30:46.358883,26.437,255,37,26,217,77
2020-06-29 01:30:51.367509,26.437,255,37,26,218,77
2020-06-29 01:30:56.376142,26.437,255,37,26,218,77
2020-06-29 01:31:01.384811,26.437,255,37,26,217,76
2020-06-29 01:31:06.393439,26.437,255,37,26,217,195
2020-06-29 01:31:11.402081,26.437,255,37,26,217,147
2020-06-29 01:31:16.410722,26.437,255,37,26,218,208
2020-06-29 01:31:21.419369,26.437,255,37,26,218,211
2020-06-29 01:31:26.428000,26.437,255,37,26,218,211
2020-06-29 01:31:31.436671,26.437,255,37,26,198,211
2020-06-29 01:31:36.443903,26.437,255,37,26,175,210
2020-06-29 01:31:41.453007,26.437,255,37,26,153,210
2020-06-29 01:31:46.461640,26.437,255,37,26,135,214
2020-06-29 01:31:51.470296,26.437,255,37,26,114,211
2020-06-29 01:31:56.478990,26.437,255,37,26,160,211
2020-06-29 01:32:01.483909,26.437,255,37,26,198,211
2020-06-29 01:32:06.494067,26.437,255,37,26,219,211
2020-06-29 01:32:11.502713,26.437,255,37,26,220,213
2020-06-29 01:32:16.511327,26.437,255,37,26,220,211
2020-06-29 01:32:21.519970,26.437,255,37,26,220,212
2020-06-29 01:32:26.523900,26.437,255,37,26,220,212
2020-06-29 01:32:31.532548,26.437,255,37,26,220,212
2020-06-29 01:32:36.541212,26.437,255,37,26,220,212
2020-06-29 01:35:00.644273,26.5,255,37,26,219,224
2020-06-29 01:35:05.673321,26.5,255,37,26,219,211
2020-06-29 01:35:10.697053,26.5,255,37,26,219,211
2020-06-29 01:35:15.710944,26.5,255,37,26,219,211
2020-06-29 01:35:20.724264,26.5,255,37,26,221,213
2020-06-29 01:35:25.737613,26.5,255,37,26,218,211
2020-06-29 01:35:30.750925,26.5,255,37,26,218,210
2020-06-29 01:35:35.767602,26.5,255,37,26,218,210
2020-06-29 01:35:40.780914,26.5,255,37,26,217,210
2020-06-29 01:35:45.793029,26.5,255,37,26,217,210
2020-06-29 01:35:50.805081,26.5,255,37,26,217,210
2020-06-29 01:35:55.818408,26.5,255,37,26,217,210
2020-06-29 01:36:00.828490,26.5,255,37,26,191,210
2020-06-29 01:36:05.841892,26.5,255,37,26,164,210
2020-06-29 01:36:10.855874,26.5,255,37,26,217,169
2020-06-29 01:36:15.870421,26.5,255,37,26,217,105
2020-06-29 01:36:20.883885,26.5,255,37,26,217,210
2020-06-29 01:36:25.897153,26.5,255,37,26,217,210
2020-06-29 01:36:30.910439,26.5,255,37,26,217,211
2020-06-29 01:36:35.924288,26.5,255,37,26,217,211
2020-06-29 01:36:40.940428,26.5,255,37,26,217,210
2020-06-29 01:36:45.954347,26.5,255,37,26,217,210
2020-06-29 01:36:50.968747,26.5,255,37,26,217,210
2020-06-29 01:40:15.366090,26.437,254,38,26,218,211
2020-06-29 01:40:19.128466,26.375,254,38,26,217,211
2020-06-29 01:40:22.887887,26.437,252,38,26,217,211
2020-06-29 01:40:26.647883,26.375,250,38,26,218,211
2020-06-29 01:40:30.407886,26.375,250,38,26,217,211
2020-06-29 01:40:34.167887,26.375,250,38,26,217,210
2020-06-29 01:40:37.927906,26.437,146,38,26,218,211
2020-06-29 01:40:41.687902,26.437,143,38,26,218,211
2020-06-29 01:40:45.447894,26.5,149,38,26,218,211
2020-06-29 01:40:49.207867,26.5,153,38,26,218,211
2020-06-29 01:40:52.967885,26.562,250,38,26,217,211
2020-06-29 01:40:56.727864,26.562,250,38,26,218,211
2020-06-29 01:41:00.487902,26.562,250,38,26,217,211
2020-06-29 01:41:04.247881,26.562,253,38,26,217,211
2020-06-29 01:41:08.007871,26.562,255,38,26,217,211
2020-06-29 01:41:11.767863,27.375,255,38,26,217,211
2020-06-29 01:41:15.527900,27.375,255,38,26,218,211
2020-06-29 01:41:19.287874,27.0,255,38,26,217,211
2020-06-29 01:41:23.047883,27.0,254,38,26,217,211
2020-06-29 01:41:26.807908,27.062,255,38,26,217,211
2020-06-29 01:41:30.567921,27.0,255,38,26,217,211
2020-06-29 01:41:34.327940,26.937,255,38,26,217,211
2020-06-29 01:41:38.088934,26.875,255,38,26,217,211
2020-06-29 01:41:41.848051,26.875,255,38,26,218,211
2020-06-29 01:41:45.608115,26.812,255,38,26,217,211
2020-06-29 01:41:49.368447,26.875,255,38,26,218,211
2020-06-29 01:41:53.126822,26.812,255,38,26,217,211
2020-06-29 01:41:56.888009,26.812,255,38,26,217,211
2020-06-29 01:42:00.647987,26.812,255,38,26,217,211
2020-06-29 01:42:04.407996,26.75,255,38,26,217,210
2020-06-29 01:42:08.164538,26.687,255,38,26,218,211
2020-06-29 01:42:11.928017,26.687,255,38,26,218,211
2020-06-29 01:42:15.687964,26.687,255,38,26,217,211
2020-06-29 01:42:19.447899,26.625,255,38,26,217,210
2020-06-29 01:42:23.205666,26.625,255,38,26,217,211
2020-06-29 01:42:26.967897,26.562,255,38,26,217,211
2020-06-29 01:42:30.727597,26.75,255,38,26,217,211
2020-06-29 01:42:34.487602,28.312,255,38,26,217,211
2020-06-29 01:42:38.247733,29.437,255,38,26,217,211
2020-06-29 01:42:42.007588,30.25,255,38,26,217,211
2020-06-29 01:42:45.767750,30.875,255,38,26,217,211
2020-06-29 01:42:49.527727,31.437,222,38,26,217,211
2020-06-29 01:42:53.287700,31.875,228,38,26,217,211
2020-06-29 01:42:57.047733,32.25,223,38,26,218,211
2020-06-29 01:43:00.807725,32.5,254,38,26,217,211
2020-06-29 01:43:04.566791,32.062,255,38,26,199,211
2020-06-29 01:43:08.327707,31.75,255,38,26,216,211
2020-06-29 01:43:12.087704,31.437,255,38,26,217,111
2020-06-29 01:43:15.847706,31.062,255,38,26,217,187
2020-06-29 01:43:19.620075,30.875,255,38,26,217,211
2020-06-29 01:43:23.367727,30.562,255,38,26,217,211
2020-06-29 01:45:57.308346,26.75,255,37,27,217,211
2020-06-29 01:46:00.247899,26.687,255,37,27,218,211
2020-06-29 01:46:03.126823,26.687,255,37,27,217,211
2020-06-29 01:46:06.010464,26.687,255,37,27,217,211
2020-06-29 01:46:08.886735,26.687,255,37,27,218,211
2020-06-29 01:48:09.706774,26.312,255,37,26,217,211
2020-06-29 01:54:10.873030,25.812,255,38,26,217,211
2020-06-29 01:54:14.641310,25.875,255,38,26,217,211
2020-06-29 01:54:18.394762,25.875,255,38,26,217,211
2020-06-29 01:54:22.154789,25.875,255,38,26,217,211
2020-06-29 01:54:25.914773,26.687,255,38,26,217,211
2020-06-29 01:54:29.674821,27.812,255,38,26,217,211
2020-06-29 01:54:33.434832,28.125,254,38,26,217,211
2020-06-29 01:54:37.194791,27.812,252,38,26,217,211
2020-06-29 01:54:40.954783,27.625,250,38,26,217,211
2020-06-29 01:54:44.714779,27.437,251,38,26,218,211
2020-06-29 01:54:48.474750,27.312,251,38,26,217,211
2020-06-29 01:54:52.234800,27.25,251,38,26,218,211
2020-06-29 01:54:55.994792,27.187,251,38,26,218,211
2020-06-29 01:54:59.754772,27.125,251,38,26,218,211
2020-06-29 01:55:03.514813,27.125,250,38,26,218,211
2020-06-29 01:55:07.274773,27.062,249,38,26,218,211
2020-06-29 01:55:11.034786,27.0,252,38,26,218,211
2020-06-29 01:55:14.794780,26.937,251,38,26,217,211
2020-06-29 01:55:18.554804,26.937,255,38,26,217,210
2020-06-29 01:55:22.314790,26.875,255,38,26,217,211
2020-06-29 01:55:26.074760,26.812,255,38,26,217,211
2020-06-29 01:55:29.834794,26.812,255,38,26,217,211
2020-06-29 01:55:33.594810,26.812,255,38,26,217,211
2020-06-29 01:55:37.354759,26.75,255,38,26,217,211
2020-06-29 01:55:41.114761,26.687,255,38,26,199,211
2020-06-29 01:55:44.874781,26.625,255,38,26,211,211
2020-06-29 01:55:48.634777,26.562,255,38,26,203,210
2020-06-29 01:55:52.394788,26.687,255,38,26,205,211
2020-06-29 01:55:56.154781,26.812,255,38,26,188,211
2020-06-29 01:55:59.914785,26.812,255,38,26,170,211
2020-06-29 01:56:03.674810,26.687,255,38,26,153,211
2020-06-29 01:56:07.434705,26.75,255,38,26,137,210
2020-06-29 01:56:11.195928,26.687,255,38,26,121,210
2020-06-29 01:56:14.954770,26.75,255,38,26,107,210
2020-06-29 01:56:18.714754,26.75,255,38,26,93,210
2020-06-29 01:56:22.474769,26.75,255,38,26,79,210
2020-06-29 01:56:26.234772,26.687,255,38,26,67,210
2020-06-29 01:56:29.994768,26.625,255,38,26,56,210
2020-06-29 01:56:33.754847,26.687,255,38,26,184,211
2020-06-29 01:56:37.514889,26.625,255,38,26,206,211
2020-06-29 01:56:41.274882,26.625,255,38,26,217,209
2020-06-29 23:53:42.595215,27.062,255,36,26,218,212
2020-06-29 23:53:46.357883,27.062,255,36,26,218,212
2020-06-29 23:53:50.116970,27.062,255,36,26,218,212
2020-06-29 23:53:53.876981,27.062,255,36,26,218,212
2020-06-29 23:53:57.637064,27.062,172,36,26,223,216
2020-06-29 23:54:01.396989,27.062,152,36,26,224,217
2020-06-29 23:54:05.157017,27.062,144,36,26,224,217
2020-06-29 23:54:08.917256,27.062,253,36,26,222,216
2020-06-29 23:54:12.677250,27.062,255,36,26,232,225
2020-06-29 23:54:16.437302,27.125,255,36,26,222,102
2020-06-29 23:54:20.197002,27.125,255,36,26,222,216
2020-06-29 23:54:23.957085,27.062,255,36,26,214,217
2020-06-29 23:54:27.716937,27.062,255,36,26,190,217
2020-06-29 23:54:31.477116,27.187,255,36,26,167,218
2020-06-29 23:54:35.237043,27.25,255,36,26,144,219
2020-06-29 23:54:38.997113,27.25,255,36,26,216,216
2020-06-29 23:54:42.757411,27.312,255,36,26,220,215
2020-06-29 23:54:46.517133,28.937,255,36,26,220,215
2020-06-29 23:54:50.276967,30.062,255,36,26,220,216
2020-06-29 23:54:54.037246,30.812,255,36,26,220,216
2020-06-29 23:54:57.796995,31.312,255,36,26,220,216
2020-06-29 23:55:01.557071,30.937,255,36,26,219,215
2020-06-29 23:55:05.317111,30.687,255,36,26,217,215
2020-06-30 00:13:23.235079,26.812,255,35,27,216,211
2020-06-30 00:13:27.076889,26.812,255,35,27,216,211
2020-06-30 00:13:30.916901,26.812,255,35,27,216,211
2020-06-30 00:13:34.756781,26.875,255,35,27,216,211
2020-06-30 00:13:38.596807,26.937,255,35,27,216,211
2020-06-30 00:13:42.436817,26.937,255,35,27,216,211
2020-06-30 00:13:46.276898,26.937,255,35,27,216,211
2020-06-30 00:13:50.116929,27.0,255,35,27,217,211
2020-06-30 00:13:53.956916,27.0,255,35,27,216,211
2020-06-30 00:13:57.796822,27.0,255,35,27,216,211
2020-06-30 00:14:01.636837,27.062,255,35,27,215,211
2020-06-30 00:14:05.476808,27.125,255,35,27,216,211
2020-06-30 00:14:09.316925,27.125,255,35,27,216,211
2020-06-30 00:14:13.156831,27.187,255,35,27,216,211
2020-06-30 00:14:16.996993,27.25,255,35,27,216,211
2020-06-30 00:14:20.836960,27.312,255,35,27,216,211
2020-06-30 00:14:24.676814,27.25,255,35,27,216,211
2020-06-30 00:14:28.516855,27.25,255,35,27,216,211
2020-06-30 00:14:32.356924,27.25,255,35,27,216,211
2020-06-30 00:14:36.196894,27.25,255,35,27,216,211
2020-06-30 00:14:40.036963,27.187,255,35,27,216,211
2020-06-30 00:14:43.876833,27.187,255,35,27,216,211
2020-06-30 00:14:47.716860,27.187,255,35,27,216,211
2020-06-30 00:14:51.556910,27.187,255,35,27,216,211
2020-06-30 00:14:55.396856,27.187,255,35,27,216,211
2020-06-30 00:14:59.236918,27.187,255,35,27,216,211
2020-06-30 00:15:03.076914,27.125,255,35,27,216,211
2020-06-30 00:15:06.916925,27.125,255,35,27,216,211
2020-06-30 00:15:10.756874,27.125,255,35,27,216,211
2020-06-30 00:15:14.596927,27.125,255,35,27,216,211
2020-06-30 00:15:18.436911,27.125,255,35,27,216,211
2020-06-30 00:15:22.276897,27.125,255,35,27,216,211
2020-06-30 00:15:26.116905,27.125,255,35,27,216,211
2020-06-30 00:15:29.956888,27.125,255,35,27,216,211
2020-06-30 00:15:33.796870,27.125,255,35,27,216,211
2020-06-30 00:24:05.395143,27.062,255,38,27,221,217
2020-06-30 00:24:09.237160,27.062,255,38,27,222,217
2020-06-30 00:24:13.077046,27.125,255,38,27,222,217
2020-06-30 00:24:16.915851,27.062,255,38,27,221,217
2020-06-30 00:24:20.757043,27.125,255,38,27,221,217
2020-06-30 00:24:24.597086,27.125,255,38,27,222,217
2020-06-30 00:24:28.437031,27.312,255,38,27,220,215
2020-06-30 00:24:32.277069,27.312,255,95,28,220,215
2020-06-30 00:24:36.117048,27.375,255,95,28,220,215
2020-06-30 00:24:39.957044,27.375,255,95,28,220,215
2020-06-30 00:24:43.797071,27.312,255,95,28,220,215
2020-06-30 00:24:47.637071,27.375,255,95,28,220,112
2020-06-30 00:24:51.477015,27.312,255,95,28,220,113
2020-06-30 00:24:55.317082,27.312,255,95,27,214,215
2020-06-30 00:24:59.157017,27.25,255,95,27,191,216
2020-06-30 00:25:02.997085,27.312,255,81,27,168,216
2020-06-30 00:25:06.836924,27.312,255,68,27,217,215
2020-06-30 00:25:10.676963,27.75,255,60,27,219,215
2020-06-30 00:25:14.516952,28.875,255,54,27,219,215
2020-06-30 00:25:18.355869,29.5,255,50,27,219,215
2020-06-30 00:25:22.196949,29.812,255,47,27,219,215
2020-06-30 00:25:26.036935,29.187,255,45,27,219,215
2020-06-30 00:25:29.876991,28.812,151,43,27,228,223
2020-06-30 00:25:33.716992,28.625,102,42,27,232,227
2020-06-30 00:25:37.556986,28.5,102,41,27,232,227
2020-06-30 00:25:41.396983,28.375,255,40,27,219,215
2020-06-30 00:25:45.236927,28.25,255,40,27,219,215
2020-07-01 02:04:07.557469,29.0,243,47,28,217,131
2020-07-01 02:04:11.398216,29.0,243,42,28,217,131
2020-07-01 02:04:15.237668,29.0,243,43,29,218,131
2020-07-01 02:04:19.077330,29.0,243,42,28,218,131
2020-07-01 02:04:22.917349,28.937,244,43,29,217,131
2020-07-01 02:04:26.757305,28.937,243,42,28,217,131
2020-07-01 02:04:30.597701,28.937,243,43,29,217,131
2020-07-01 02:04:34.437261,28.937,243,43,29,217,131
2020-07-01 02:04:38.277296,28.937,243,43,29,217,131
2020-07-01 02:04:42.117648,28.937,244,42,28,203,131
2020-07-01 02:04:45.957670,28.937,244,43,29,177,131
2020-07-01 02:04:49.797659,28.875,243,43,29,216,131
2020-07-01 02:04:53.637650,28.937,244,43,29,217,131
2020-07-01 02:04:57.477665,28.937,243,43,29,217,131
2020-07-01 02:05:01.317633,28.812,243,43,29,217,131
2020-07-01 02:05:05.157638,28.812,243,43,29,217,131
2020-07-01 02:05:08.996391,28.812,243,43,29,217,131
2020-07-01 02:05:12.837633,28.812,244,43,29,218,131
2020-07-01 02:05:16.677656,28.812,243,43,29,217,131
2020-07-01 02:05:20.520768,28.812,243,47,28,217,131
2020-07-01 02:05:24.357640,28.812,243,43,29,217,131
2020-07-01 02:05:28.197653,28.687,246,43,29,218,131
2020-07-01 02:05:32.037651,28.687,244,43,29,217,131
2020-07-01 02:05:35.877649,28.687,244,43,29,218,131
2020-07-01 02:05:39.716395,28.687,243,43,29,217,131
2020-07-01 02:05:43.557641,28.687,243,43,29,213,131
2020-07-01 02:05:47.397183,28.687,243,42,28,187,131
2020-07-01 02:05:51.237146,28.625,243,47,28,161,131
2020-07-01 02:05:55.074977,28.687,243,47,28,136,131
2020-07-01 02:05:58.915244,28.625,243,42,28,112,131
2020-07-01 02:06:02.757225,28.625,243,42,28,99,131
2020-07-01 02:06:06.597257,28.687,243,43,29,217,131
2020-07-01 02:06:10.437240,28.75,243,42,28,217,131
2020-07-01 02:06:14.277242,28.687,243,43,29,217,131
2020-07-01 02:06:18.117241,28.687,243,43,29,217,131
2020-07-01 02:06:21.957157,28.687,244,43,29,217,131
2020-07-01 02:06:25.797152,28.625,244,43,29,216,131
2020-07-01 02:06:29.637218,28.687,243,43,29,217,131
2020-07-01 02:06:33.477227,28.687,243,43,29,217,131
2020-07-01 02:06:37.317256,28.687,243,42,28,217,130
2020-07-01 02:06:41.156087,28.687,243,44,29,217,130
2020-07-01 02:06:44.997285,28.687,243,43,29,217,130
2020-07-01 02:06:48.837231,28.687,243,43,29,217,129
2020-07-01 02:06:52.677227,28.687,243,43,29,217,131
2020-07-01 02:06:56.517258,28.687,243,42,28,217,131
2020-07-01 02:07:00.357254,28.687,243,43,29,217,130
2020-07-01 02:07:04.197187,28.687,243,42,28,217,131
2020-07-01 02:07:08.037167,28.687,243,43,29,216,130
2020-07-01 02:07:11.876012,28.687,243,43,29,218,131
2020-07-01 02:07:15.717162,28.687,243,42,28,218,131
2020-07-01 02:07:19.557148,28.687,243,43,29,218,131
2020-07-01 02:07:23.397172,28.687,243,43,29,218,131
2020-07-01 02:07:27.237147,28.687,243,43,29,218,131
2020-07-01 02:07:31.077140,28.75,243,43,29,218,131
2020-07-01 02:07:34.917138,28.75,243,43,29,218,131
2020-07-01 02:07:38.757139,28.687,243,43,29,218,131
2020-07-01 02:07:42.595981,28.75,243,43,29,218,131
2020-07-01 02:07:46.437212,28.75,243,43,29,218,131
2020-07-01 02:07:50.277143,28.75,243,42,28,217,131
2020-07-01 02:07:54.117135,28.812,243,43,29,218,132
2020-07-01 02:07:57.957143,28.75,243,43,29,218,131
2020-07-01 02:08:01.797168,28.75,243,43,29,218,132
2020-07-01 02:08:05.637142,28.75,243,43,29,218,135
2020-07-01 02:08:09.477150,28.75,243,43,29,218,134
2020-07-01 02:08:13.316008,28.812,243,43,29,218,136
2020-07-01 02:08:17.157161,28.812,243,43,29,218,131
2020-07-01 02:08:20.997127,28.812,243,43,29,218,129
2020-07-01 02:08:24.837149,28.812,243,42,29,218,135
2020-07-01 02:08:28.677128,28.812,246,42,29,218,135
2020-07-01 02:08:32.517143,28.812,244,42,29,218,135
2020-07-01 02:08:36.357162,28.812,243,43,29,218,135
2020-07-01 02:08:40.197141,28.75,244,43,29,218,135
2020-07-01 02:08:44.036015,28.812,244,43,29,218,135
2020-07-01 02:08:47.877157,28.75,243,43,29,218,135
2020-07-01 02:08:51.717153,28.75,244,43,29,218,135
2020-07-01 02:08:55.557146,28.75,244,43,29,218,135
2020-07-01 02:08:59.397134,28.812,243,43,29,218,135
2020-07-01 02:09:03.237308,28.75,243,42,29,218,135
2020-07-01 02:09:07.077145,28.687,243,42,29,218,135
2020-07-01 02:09:10.917145,28.687,243,43,29,218,135
2020-07-01 02:09:14.756011,28.75,243,43,29,218,134
2020-07-01 02:09:18.597128,28.687,243,42,29,218,131
2020-07-01 02:09:22.437143,28.75,244,43,29,218,127
2020-07-01 02:09:26.277140,28.687,243,42,29,218,131
2020-07-01 02:09:30.117228,28.687,243,42,29,218,131
2020-07-01 02:09:33.957222,28.687,243,42,29,228,131
2020-07-01 02:09:37.797230,28.687,243,42,29,208,131
2020-07-01 02:09:41.637247,28.75,244,42,29,180,131
2020-07-01 02:09:45.476079,28.687,243,42,29,153,131
2020-07-01 02:09:49.317226,28.75,243,42,29,128,131
2020-07-01 02:09:53.157227,28.687,243,42,29,131,131
2020-07-01 02:09:56.997144,28.75,246,42,29,128,134
2020-07-01 02:10:00.837133,28.75,245,42,29,128,128
2020-07-01 02:10:04.677154,28.812,243,43,29,128,127
2020-07-01 02:10:08.517148,28.75,244,43,29,128,127
2020-07-01 02:10:12.357132,28.75,243,43,29,128,127
2020-07-01 02:10:16.195992,28.75,243,43,29,128,127
2020-07-01 02:10:20.037184,28.75,243,43,29,128,127
2020-07-01 02:10:23.877160,28.75,243,43,29,128,127
2020-07-01 02:10:27.717125,28.75,243,43,29,128,127
2020-07-01 02:10:31.557147,28.687,243,42,29,128,127
2020-07-01 02:10:35.395097,28.75,243,43,29,128,126
2020-07-01 02:10:39.237339,28.75,243,43,29,128,127
2020-07-01 02:10:43.077278,28.687,243,42,28,128,127
2020-07-01 02:10:46.916452,28.625,243,42,29,128,127
2020-07-01 02:10:50.757635,28.687,243,42,29,128,127
2020-07-01 02:10:54.597709,28.625,243,42,29,128,127
2020-07-01 02:10:58.437638,28.687,243,43,29,128,127
2020-07-01 02:11:02.277650,28.687,243,42,29,128,127
2020-07-01 02:11:06.117636,28.625,243,42,28,128,127
2020-07-01 02:11:09.957645,28.625,243,41,28,128,126
2020-07-01 02:11:13.797633,28.625,243,42,29,128,127
2020-07-01 02:11:17.636405,28.625,243,42,29,128,127
2020-07-01 02:11:21.477628,28.562,243,41,28,128,127
2020-07-01 02:11:25.317638,28.562,243,42,29,128,127
2020-07-01 02:11:29.157641,28.562,243,41,28,128,127
2020-07-01 02:11:32.997638,28.562,243,42,29,128,127
2020-07-01 02:11:36.837688,28.562,243,43,29,128,127
2020-07-01 02:11:40.677652,28.562,243,43,29,128,127
2020-07-01 02:11:44.517667,28.562,243,41,28,128,126
2020-07-01 02:11:48.356016,28.562,243,42,28,128,127
2020-07-01 02:11:52.197176,28.562,243,43,29,128,127
2020-07-01 02:11:56.037162,28.625,243,42,28,128,126
2020-07-01 02:11:59.877178,28.562,243,42,28,128,127
2020-07-01 02:12:03.717246,28.562,243,43,29,128,126
2020-07-01 02:12:07.557160,28.562,243,42,28,128,127
2020-07-01 02:12:11.397163,28.625,243,42,28,128,127
2020-07-01 02:12:15.237144,28.562,243,42,28,128,127
2020-07-01 02:12:19.076021,28.562,243,42,28,128,127
2020-07-01 02:12:22.917170,28.562,243,43,29,128,126
2020-07-01 02:12:26.756249,28.562,243,43,29,128,126
2020-07-01 02:12:30.597690,28.562,254,43,29,128,127
2020-07-01 02:12:34.437640,28.562,243,43,29,128,127
2020-07-01 02:12:38.277635,28.625,243,42,28,128,126
2020-07-01 02:12:42.117240,28.625,243,42,28,128,126
2020-07-01 02:12:45.957255,28.625,243,42,28,128,127
2020-07-01 02:18:05.874271,28.312,243,42,28,128,127
2020-07-01 02:18:23.209165,28.312,243,42,28,128,126
2020-07-01 02:18:40.568925,28.25,243,43,28,127,126
2020-07-01 02:18:57.849024,28.312,243,42,28,128,127
2020-07-01 02:19:15.128952,28.312,243,42,28,128,126
2020-07-01 02:19:32.408754,28.312,243,43,28,127,127
2020-07-01 02:19:49.688976,28.375,243,43,28,127,127
2020-07-01 02:20:06.969188,28.312,243,44,28,128,126
2020-07-01 02:20:24.249162,28.312,243,43,28,128,127
2020-07-01 02:20:41.529177,28.312,243,42,28,128,126
2020-07-01 02:29:02.434226,28.5,235,42,28,126,126
2020-07-01 02:29:19.689274,28.437,235,42,28,126,127
2020-07-01 02:29:37.049226,28.437,235,42,28,126,126
2020-07-01 02:29:54.329302,28.437,244,42,28,126,126
2020-07-01 02:30:11.609210,28.437,237,42,28,126,126
2020-07-01 02:30:28.889197,28.437,237,44,28,126,126
2020-07-01 02:30:46.173154,28.5,237,43,28,126,126
2020-07-01 02:35:15.794215,28.562,237,43,28,126,126
2020-07-01 03:35:18.134833,25.875,255,43,28,53,125
2020-07-01 04:35:20.535311,25.812,255,44,26,53,126
2020-07-01 05:35:22.934241,25.187,255,43,28,54,126
2020-07-01 06:35:25.239738,25.312,232,43,28,54,126
2020-07-01 07:35:27.654043,26.0,194,46,25,54,127
2020-07-01 08:35:29.974219,26.687,210,45,26,53,127
2020-07-01 09:26:43.234263,26.625,189,46,26,53,127
2020-07-01 10:26:45.574382,26.437,219,44,27,53,128
2020-07-01 11:26:47.974221,27.562,197,44,26,52,128
2020-07-01 12:26:50.297137,27.562,203,41,27,52,128
2020-07-01 13:26:52.694296,27.687,220,40,27,52,128
2020-07-01 14:26:55.094221,27.687,212,40,27,52,128
2020-07-01 15:26:57.494212,28.0,219,36,27,52,128
2020-07-01 16:26:59.894218,28.187,222,33,28,52,129
2020-07-01 17:27:02.294259,28.187,222,35,28,52,129
2020-07-01 18:27:04.694208,28.187,232,36,28,52,129
2020-07-01 19:27:07.094246,28.312,236,36,28,52,129
2020-07-01 20:27:09.433320,27.937,253,36,28,53,130
2020-07-01 21:27:11.814228,27.75,255,36,28,53,130
2020-07-01 22:27:14.214210,27.437,255,46,26,53,130
2020-07-01 23:27:16.614197,27.125,255,36,27,53,131
2020-07-02 00:27:19.014273,26.375,255,35,27,54,131
2020-07-02 01:27:21.414231,27.312,249,34,26,53,132
2020-07-02 02:27:23.753323,27.187,255,32,27,53,132
2020-07-02 03:27:26.134261,26.812,255,33,27,53,132
2020-07-02 04:27:28.534198,26.5,255,33,26,54,133
2020-07-02 05:27:30.934192,26.0,255,33,26,54,133
2020-07-02 06:27:33.334226,26.937,209,34,26,53,134
2020-07-02 07:27:35.734219,28.062,185,31,26,53,134
2020-07-02 08:27:38.073312,29.437,183,46,26,52,135
2020-07-02 09:27:40.454209,29.25,199,31,29,52,135
2020-07-02 10:27:42.854197,28.562,199,32,29,53,135
2020-07-02 11:27:45.174225,28.625,213,30,28,53,135
2020-07-02 12:27:47.574228,28.875,217,30,28,53,135
2020-07-02 13:27:49.974225,28.625,220,31,29,53,135
2020-07-02 14:27:52.374252,28.875,220,29,28,53,136
2020-07-02 15:27:54.774232,28.75,222,30,29,53,136
2020-07-02 16:27:57.174292,28.437,224,31,29,54,137
2020-07-02 17:27:59.574319,28.875,213,31,28,53,137
2020-07-02 18:28:01.974279,29.375,224,32,29,53,138
2020-07-02 19:28:04.374041,28.375,240,31,29,54,138
2020-07-02 20:28:06.713314,27.875,252,37,28,54,139
2020-07-02 21:28:09.094214,27.625,255,40,28,54,139
2020-07-02 22:28:11.494252,27.562,249,39,27,54,140
2020-07-02 23:28:13.873525,27.187,255,37,27,55,140
2020-07-03 00:28:16.294297,26.812,255,39,27,55,140
2020-07-03 01:28:18.694223,26.75,255,39,27,55,140
2020-07-03 02:28:21.033315,27.312,250,38,26,55,142
